GeneID	GO_ID	Evidence	GO_term	PubMed	Ensembl_gene_identifier
14	GO:0009986	IDA	cell surface	10329261	ENSG00000127837
19	GO:0009897	IEA	external side of plasma membrane	-	ENSG00000165029
41	GO:0009986	IEA	cell surface	-	ENSG00000110881
43	GO:0009986	IEA	cell surface	-	ENSG00000087085
91	GO:0009986	IDA	cell surface	12665502	ENSG00000135503
92	GO:0009986	IEA	cell surface	-	ENSG00000121989
94	GO:0009986	IDA	cell surface	8242742	ENSG00000139567
100	GO:0009897	IBA	external side of plasma membrane	21873635	ENSG00000196839
100	GO:0009897	IDA	external side of plasma membrane	7759315|16670267	ENSG00000196839
100	GO:0009986	IDA	cell surface	7594462|11772392	ENSG00000196839
101	GO:0009986	IDA	cell surface	17548643	ENSG00000151651
102	GO:0009986	IDA	cell surface	12475894|23035126|23091066	ENSG00000137845
117	GO:0009986	IEA	cell surface	-	ENSG00000078549
151	GO:0009986	IDA	cell surface	27901063	ENSG00000274286
177	GO:0009986	NAS	cell surface	15457210	ENSG00000204305
214	GO:0009897	IEA	external side of plasma membrane	-	ENSG00000170017
250	GO:0009986	IDA	cell surface	15907827	ENSG00000163283
259	GO:0009986	IBA	cell surface	21873635	ENSG00000106927
265	GO:0009986	ISS	cell surface	1734713	ENSG00000125363
288	GO:0009986	ISS	cell surface	21223964	ENSG00000151150
290	GO:0009897	IEA	external side of plasma membrane	-	ENSG00000166825
301	GO:0009986	IDA	cell surface	22056994	ENSG00000135046
301	GO:0031232	IDA	extrinsic component of external side of plasma membrane	19625660	ENSG00000135046
302	GO:0009986	IDA	cell surface	10809787|25139904	ENSG00000182718
307	GO:0009986	IDA	cell surface	22056994	ENSG00000196975
308	GO:0009897	IEA	external side of plasma membrane	-	ENSG00000164111
335	GO:0009986	IEA	cell surface	-	ENSG00000118137
337	GO:0009986	IDA	cell surface	1935934	ENSG00000110244
350	GO:0009986	IDA	cell surface	16480936	ENSG00000091583
351	GO:0009986	IDA	cell surface	7593229|18353773	ENSG00000142192
355	GO:0009986	IDA	cell surface	22891283	ENSG00000026103
356	GO:0009897	IEA	external side of plasma membrane	-	ENSG00000117560
361	GO:0009897	IDA	external side of plasma membrane	17645239	ENSG00000171885
374	GO:0009986	IDA	cell surface	12743035	ENSG00000109321
411	GO:0009986	ISS	cell surface	-	ENSG00000113273
417	GO:0009986	IEA	cell surface	-	ENSG00000129744
460	GO:0009897	IEA	external side of plasma membrane	-	ENSG00000152092
506	GO:0009986	IDA	cell surface	17510399	ENSG00000110955
522	GO:0009986	IEA	cell surface	-	ENSG00000154723
558	GO:0009986	HDA	cell surface	19581412	ENSG00000167601
558	GO:0009986	IDA	cell surface	19657094	ENSG00000167601
563	GO:0009897	IBA	external side of plasma membrane	21873635	ENSG00000160862
567	GO:0009986	IEA	cell surface	-	ENSG00000166710
633	GO:0009986	IDA	cell surface	2212616	ENSG00000182492
634	GO:0009986	IDA	cell surface	25363763	ENSG00000079385
634	GO:0009986	ISS	cell surface	-	ENSG00000079385
643	GO:0009897	IBA	external side of plasma membrane	21873635	ENSG00000160683
650	GO:0009986	IDA	cell surface	22227436	ENSG00000125845
657	GO:0009897	IDA	external side of plasma membrane	24904118	ENSG00000107779
659	GO:0009986	IEA	cell surface	-	ENSG00000204217
684	GO:0009986	IBA	cell surface	21873635	ENSG00000130303
684	GO:0009986	IMP	cell surface	22072966	ENSG00000130303
684	GO:0009986	ISS	cell surface	-	ENSG00000130303
696	GO:0009897	IBA	external side of plasma membrane	21873635	ENSG00000124557
708	GO:0009986	IBA	cell surface	21873635	ENSG00000108561
708	GO:0009986	IDA	cell surface	17881511	ENSG00000108561
718	GO:0009986	IEA	cell surface	-	ENSG00000125730
726	GO:0009986	IDA	cell surface	23055945	ENSG00000149260
728	GO:0009986	IEA	cell surface	-	ENSG00000197405
762	GO:0009986	IDA	cell surface	15563508	ENSG00000167434
762	GO:0031362	IDA	anchored component of external side of plasma membrane	17409381	ENSG00000167434
811	GO:0009897	IEA	external side of plasma membrane	-	ENSG00000179218
811	GO:0009986	TAS	cell surface	15474971	ENSG00000179218
824	GO:0009897	IEA	external side of plasma membrane	-	ENSG00000162909
846	GO:0009986	IEA	cell surface	-	ENSG00000036828
859	GO:0009986	IEA	cell surface	-	ENSG00000182533
909	GO:0009897	IBA	external side of plasma membrane	21873635	ENSG00000158477
910	GO:0009897	IBA	external side of plasma membrane	21873635	ENSG00000158485
910	GO:0009986	HDA	cell surface	23981064	ENSG00000158485
911	GO:0009897	IBA	external side of plasma membrane	21873635	ENSG00000158481
912	GO:0009897	IBA	external side of plasma membrane	21873635	ENSG00000158473
912	GO:0009986	IDA	cell surface	19124746	ENSG00000158473
913	GO:0009897	IBA	external side of plasma membrane	21873635	ENSG00000158488
914	GO:0009897	IDA	external side of plasma membrane	21460847	ENSG00000116824
914	GO:0009986	IDA	cell surface	15345303	ENSG00000116824
915	GO:0009897	IBA	external side of plasma membrane	21873635	ENSG00000167286
916	GO:0009897	IBA	external side of plasma membrane	21873635	ENSG00000198851
916	GO:0009897	IDA	external side of plasma membrane	11390434|17213291	ENSG00000198851
917	GO:0009897	IBA	external side of plasma membrane	21873635	ENSG00000160654
920	GO:0009897	IBA	external side of plasma membrane	21873635	ENSG00000010610
920	GO:0009897	IDA	external side of plasma membrane	17213291	ENSG00000010610
921	GO:0009897	IEA	external side of plasma membrane	-	ENSG00000110448
922	GO:0009986	IDA	cell surface	25284781	ENSG00000073754
923	GO:0009897	IBA	external side of plasma membrane	21873635	ENSG00000013725
925	GO:0009897	IBA	external side of plasma membrane	21873635	ENSG00000153563
925	GO:0009897	IDA	external side of plasma membrane	17213291	ENSG00000153563
926	GO:0009986	IBA	cell surface	21873635	ENSG00000172116
927	GO:0009986	IBA	cell surface	21873635	ENSG00000254126
928	GO:0009897	IEA	external side of plasma membrane	-	ENSG00000010278
929	GO:0009897	IBA	external side of plasma membrane	21873635	ENSG00000170458
929	GO:0009986	IBA	cell surface	21873635	ENSG00000170458
929	GO:0031362	IDA	anchored component of external side of plasma membrane	3385210	ENSG00000170458
930	GO:0009897	IBA	external side of plasma membrane	21873635	ENSG00000177455
930	GO:0009897	IDA	external side of plasma membrane	17213291|20660734	ENSG00000177455
931	GO:0009897	IEA	external side of plasma membrane	-	ENSG00000156738
931	GO:0009986	IDA	cell surface	3925015	ENSG00000156738
933	GO:0009986	ISS	cell surface	-	ENSG00000012124
939	GO:0009897	IBA	external side of plasma membrane	21873635	ENSG00000139193
940	GO:0009897	IBA	external side of plasma membrane	21873635	ENSG00000178562
940	GO:0009897	IDA	external side of plasma membrane	11390434	ENSG00000178562
940	GO:0009986	IDA	cell surface	15067037	ENSG00000178562
941	GO:0009897	IBA	external side of plasma membrane	21873635	ENSG00000121594
941	GO:0009986	HDA	cell surface	23981064	ENSG00000121594
941	GO:0009986	IBA	cell surface	21873635	ENSG00000121594
942	GO:0009897	IBA	external side of plasma membrane	21873635	ENSG00000114013
942	GO:0009986	HDA	cell surface	23981064	ENSG00000114013
942	GO:0009986	IBA	cell surface	21873635	ENSG00000114013
945	GO:0009897	IDA	external side of plasma membrane	20660734	ENSG00000105383
947	GO:0009897	IC	external side of plasma membrane	15249540	ENSG00000174059
947	GO:0009897	IDA	external side of plasma membrane	10337918|12939361|20354148	ENSG00000174059
948	GO:0009897	IEA	external side of plasma membrane	-	ENSG00000135218
948	GO:0009986	IDA	cell surface	10772654	ENSG00000135218
948	GO:0009986	ISS	cell surface	-	ENSG00000135218
948	GO:0009986	TAS	cell surface	29111364	ENSG00000135218
949	GO:0009986	ISS	cell surface	21481393	ENSG00000073060
952	GO:0009986	IEA	cell surface	-	ENSG00000004468
955	GO:0009986	IEA	cell surface	-	ENSG00000197586
958	GO:0009897	IEA	external side of plasma membrane	-	ENSG00000101017
958	GO:0009986	HDA	cell surface	23981064	ENSG00000101017
959	GO:0009897	IEA	external side of plasma membrane	-	ENSG00000102245
959	GO:0009986	IDA	cell surface	15067037	ENSG00000102245
960	GO:0009986	IDA	cell surface	16809613|17170110	ENSG00000026508
961	GO:0009986	IDA	cell surface	11509594	ENSG00000196776
961	GO:0009986	ISS	cell surface	-	ENSG00000196776
961	GO:0009986	NAS	cell surface	25795378	ENSG00000196776
963	GO:0009986	IEA	cell surface	-	ENSG00000143119
965	GO:0009986	IBA	cell surface	21873635	ENSG00000116815
965	GO:0009986	IDA	cell surface	15345303	ENSG00000116815
966	GO:0009986	IBA	cell surface	21873635	ENSG00000085063
966	GO:0009986	IDA	cell surface	15907827	ENSG00000085063
966	GO:0031362	IDA	anchored component of external side of plasma membrane	9724629	ENSG00000085063
967	GO:0009986	IDA	cell surface	15647390	ENSG00000135404
969	GO:0009897	IEA	external side of plasma membrane	-	ENSG00000110848
972	GO:0009897	IEA	external side of plasma membrane	-	ENSG00000019582
972	GO:0009986	IDA	cell surface	17045821|19665027|22952837	ENSG00000019582
973	GO:0009897	IBA	external side of plasma membrane	21873635	ENSG00000105369
973	GO:0009897	ISS	external side of plasma membrane	-	ENSG00000105369
974	GO:0009897	IBA	external side of plasma membrane	21873635	ENSG00000007312
977	GO:0009986	IDA	cell surface	17716972	ENSG00000177697
999	GO:0009986	IBA	cell surface	21873635	ENSG00000039068
1000	GO:0009986	IBA	cell surface	21873635	ENSG00000170558
1000	GO:0009986	ISS	cell surface	-	ENSG00000170558
1001	GO:0009986	IBA	cell surface	21873635	ENSG00000062038
1002	GO:0009986	IBA	cell surface	21873635	ENSG00000179242
1003	GO:0009897	IEA	external side of plasma membrane	-	ENSG00000179776
1003	GO:0009986	IBA	cell surface	21873635	ENSG00000179776
1003	GO:0009986	IDA	cell surface	23288152	ENSG00000179776
1004	GO:0009986	IBA	cell surface	21873635	ENSG00000113361
1005	GO:0009986	IBA	cell surface	21873635	ENSG00000081138
1006	GO:0009986	IBA	cell surface	21873635	ENSG00000150394
1007	GO:0009986	IBA	cell surface	21873635	ENSG00000113100
1008	GO:0009986	IBA	cell surface	21873635	ENSG00000040731
1009	GO:0009986	IBA	cell surface	21873635	ENSG00000140937
1010	GO:0009986	IBA	cell surface	21873635	ENSG00000154162
1012	GO:0009897	IEA	external side of plasma membrane	-	ENSG00000140945
1012	GO:0009986	IBA	cell surface	21873635	ENSG00000140945
1013	GO:0009986	IBA	cell surface	21873635	ENSG00000129910
1015	GO:0009986	IBA	cell surface	21873635	ENSG00000079112
1016	GO:0009986	IBA	cell surface	21873635	ENSG00000145526
1048	GO:0009986	IC	cell surface	2803308	ENSG00000105388
1048	GO:0009986	IDA	cell surface	2317824	ENSG00000105388
1048	GO:0071575	IDA	integral component of external side of plasma membrane	10864933	ENSG00000105388
1056	GO:0009986	IBA	cell surface	21873635	ENSG00000170835
1080	GO:0009986	IDA	cell surface	20658517	ENSG00000001626
1088	GO:0009986	IDA	cell surface	8776764	ENSG00000124469
1134	GO:0009986	IDA	cell surface	12928480	ENSG00000138435
1137	GO:0009897	ISS	external side of plasma membrane	-	ENSG00000101204
1141	GO:0009897	ISS	external side of plasma membrane	-	ENSG00000160716
1182	GO:0009897	IDA	external side of plasma membrane	11274166	ENSG00000109572
1182	GO:0009986	NAS	cell surface	12471024	ENSG00000109572
1191	GO:0009986	IDA	cell surface	17567961	ENSG00000120885
1209	GO:0009897	ISS	external side of plasma membrane	-	ENSG00000104853
1230	GO:0009897	IBA	external side of plasma membrane	21873635	ENSG00000163823
1230	GO:0009897	IDA	external side of plasma membrane	10706735	ENSG00000163823
1232	GO:0009897	IBA	external side of plasma membrane	21873635	ENSG00000183625
1233	GO:0009897	IBA	external side of plasma membrane	21873635	ENSG00000183813
1234	GO:0009897	IBA	external side of plasma membrane	21873635	ENSG00000160791
1234	GO:0009897	IDA	external side of plasma membrane	10383387|10679098|11278962|19523456	ENSG00000160791
1234	GO:0009986	IDA	cell surface	10521508	ENSG00000160791
1235	GO:0009897	IBA	external side of plasma membrane	21873635	ENSG00000112486
1235	GO:0009986	IDA	cell surface	12081481	ENSG00000112486
1236	GO:0009897	IBA	external side of plasma membrane	21873635	ENSG00000126353
1236	GO:0009986	IDA	cell surface	18308860	ENSG00000126353
1237	GO:0009897	IBA	external side of plasma membrane	21873635	ENSG00000179934
1238	GO:0009897	IBA	external side of plasma membrane	21873635	ENSG00000144648
1244	GO:0009986	HDA	cell surface	19581412	ENSG00000023839
1244	GO:0009986	IDA	cell surface	17825285	ENSG00000023839
1271	GO:0009897	IBA	external side of plasma membrane	21873635	ENSG00000122756
1368	GO:0009986	HDA	cell surface	19581412	ENSG00000135678
1378	GO:0009986	IDA	cell surface	2972794|6978375	ENSG00000203710
1410	GO:0009986	IEA	cell surface	-	ENSG00000109846
1436	GO:0009986	ISS	cell surface	8922060	ENSG00000182578
1438	GO:0009897	IBA	external side of plasma membrane	21873635	ENSG00000198223
1441	GO:0009897	IBA	external side of plasma membrane	21873635	ENSG00000119535
1464	GO:0009986	HDA	cell surface	19581412	ENSG00000173546
1464	GO:0009986	TAS	cell surface	10587647	ENSG00000173546
1493	GO:0009897	IBA	external side of plasma membrane	21873635	ENSG00000163599
1493	GO:0009897	IDA	external side of plasma membrane	18641304	ENSG00000163599
1511	GO:0009986	IEA	cell surface	-	ENSG00000100448
1515	GO:0009897	IEA	external side of plasma membrane	-	ENSG00000136943
1522	GO:0009986	IEA	cell surface	-	ENSG00000101160
1524	GO:0009897	IBA	external side of plasma membrane	21873635	ENSG00000168329
1524	GO:0009986	IDA	cell surface	28791023	ENSG00000168329
1524	GO:0009986	ISS	cell surface	10415068	ENSG00000168329
1524	GO:0009986	TAS	cell surface	24352739	ENSG00000168329
1604	GO:0009986	IDA	cell surface	15907827	ENSG00000196352
1605	GO:0009897	IEA	external side of plasma membrane	-	ENSG00000173402
1636	GO:0009897	IDA	external side of plasma membrane	9449382	ENSG00000159640
1755	GO:0009897	IBA	external side of plasma membrane	21873635	ENSG00000187908
1756	GO:0009986	IDA	cell surface	10867799	ENSG00000198947
1803	GO:0009986	IDA	cell surface	7594462|8101391|10900005|11772392	ENSG00000197635
1829	GO:0009986	HDA	cell surface	19581412	ENSG00000046604
1839	GO:0009986	IDA	cell surface	12743035	ENSG00000113070
1839	GO:0009986	NAS	cell surface	15289334	ENSG00000113070
1889	GO:0009897	IDA	external side of plasma membrane	9449382|9710124	ENSG00000117298
1901	GO:0009897	IEA	external side of plasma membrane	-	ENSG00000170989
1902	GO:0009986	IDA	cell surface	19306925	ENSG00000198121
1946	GO:0031362	IDA	anchored component of external side of plasma membrane	11870224	ENSG00000184349
1956	GO:0009986	IDA	cell surface	25666625	ENSG00000146648
1969	GO:0009986	HDA	cell surface	19581412	ENSG00000142627
1969	GO:0009986	IDA	cell surface	25063885	ENSG00000142627
1991	GO:0009986	IDA	cell surface	12114510	ENSG00000197561
2013	GO:0009986	ISS	cell surface	-	ENSG00000213853
2015	GO:0009897	IEA	external side of plasma membrane	-	ENSG00000174837
2022	GO:0009897	IDA	external side of plasma membrane	1537377	ENSG00000106991
2023	GO:0009986	IDA	cell surface	12666133|19433310	ENSG00000074800
2028	GO:0009897	ISS	external side of plasma membrane	-	ENSG00000138792
2043	GO:0009986	IEA	cell surface	-	ENSG00000116106
2044	GO:0009897	IDA	external side of plasma membrane	10064801	ENSG00000145242
2056	GO:0009986	IDA	cell surface	14569084	ENSG00000130427
2147	GO:0009897	IDA	external side of plasma membrane	20421939	ENSG00000180210
2149	GO:0009986	IDA	cell surface	24732013	ENSG00000181104
2152	GO:0009986	HDA	cell surface	19581412	ENSG00000117525
2152	GO:0009986	IDA	cell surface	17898544	ENSG00000117525
2152	GO:0031233	IC	intrinsic component of external side of plasma membrane	17469850	ENSG00000117525
2159	GO:0031233	IC	intrinsic component of external side of plasma membrane	17469850	ENSG00000126218
2191	GO:0009986	ISS	cell surface	-	ENSG00000078098
2205	GO:0009986	IDA	cell surface	1535625	ENSG00000179639
2206	GO:0009897	IEA	external side of plasma membrane	-	ENSG00000149534
2207	GO:0009897	IBA	external side of plasma membrane	21873635	ENSG00000158869
2207	GO:0009986	IDA	cell surface	1535625	ENSG00000158869
2208	GO:0009897	IEA	external side of plasma membrane	-	ENSG00000104921
2213	GO:0009897	ISS	external side of plasma membrane	26683154	ENSG00000072694
2214	GO:0009897	IDA	external side of plasma membrane	10706735|24942581	ENSG00000203747
2217	GO:0009897	IBA	external side of plasma membrane	21873635	ENSG00000104870
2219	GO:0031232	IDA	extrinsic component of external side of plasma membrane	21037097	ENSG00000085265
2239	GO:0009897	IDA	external side of plasma membrane	10585884	ENSG00000076716
2239	GO:0009986	IBA	cell surface	21873635	ENSG00000076716
2243	GO:0009897	IDA	external side of plasma membrane	6777381	ENSG00000171560
2243	GO:0009986	IDA	cell surface	6777381	ENSG00000171560
2244	GO:0009897	IDA	external side of plasma membrane	6777381	ENSG00000171564
2244	GO:0009986	IDA	cell surface	6777381	ENSG00000171564
2253	GO:0009897	IEA	external side of plasma membrane	-	ENSG00000107831
2255	GO:0009986	IDA	cell surface	16597614	ENSG00000070193
2255	GO:0009986	NAS	cell surface	11923311	ENSG00000070193
2261	GO:0009986	IEA	cell surface	-	ENSG00000068078
2262	GO:0009986	IBA	cell surface	21873635	ENSG00000179399
2263	GO:0009986	IDA	cell surface	16597614	ENSG00000066468
2266	GO:0009897	IDA	external side of plasma membrane	6777381	ENSG00000171557
2266	GO:0009986	IDA	cell surface	6777381	ENSG00000171557
2323	GO:0009986	IBA	cell surface	21873635	ENSG00000090554
2323	GO:0031233	IEA	intrinsic component of external side of plasma membrane	-	ENSG00000090554
2346	GO:0009986	IDA	cell surface	12949938	ENSG00000086205
2348	GO:0009986	HDA	cell surface	19581412	ENSG00000110195
2348	GO:0031362	IBA	anchored component of external side of plasma membrane	21873635	ENSG00000110195
2348	GO:0031362	IDA	anchored component of external side of plasma membrane	2527252|8033114	ENSG00000110195
2350	GO:0009986	IDA	cell surface	25015955	ENSG00000165457
2350	GO:0031362	IBA	anchored component of external side of plasma membrane	21873635	ENSG00000165457
2350	GO:0031362	IDA	anchored component of external side of plasma membrane	4066659	ENSG00000165457
2352	GO:0031362	IBA	anchored component of external side of plasma membrane	21873635	ENSG00000110203
2515	GO:0009986	IEA	cell surface	-	ENSG00000104755
2526	GO:0009986	IEA	cell surface	-	ENSG00000196371
2615	GO:0009986	IDA	cell surface	19651619|19750484	ENSG00000137507
2674	GO:0009897	IBA	external side of plasma membrane	21873635	ENSG00000151892
2675	GO:0009897	IBA	external side of plasma membrane	21873635	ENSG00000168546
2676	GO:0009897	IBA	external side of plasma membrane	21873635	ENSG00000146013
2683	GO:0009897	IDA	external side of plasma membrane	3917437	ENSG00000086062
2690	GO:0009897	IBA	external side of plasma membrane	21873635	ENSG00000112964
2690	GO:0009986	IDA	cell surface	8137822	ENSG00000112964
2692	GO:0009986	IDA	cell surface	1333056	ENSG00000106128
2693	GO:0009986	IDA	cell surface	8688086	ENSG00000121853
2719	GO:0009986	IBA	cell surface	21873635	ENSG00000147257
2741	GO:0009897	IEA	external side of plasma membrane	-	ENSG00000145888
2806	GO:0009986	IEA	cell surface	-	ENSG00000125166
2811	GO:0009986	HDA	cell surface	23382103	ENSG00000185245
2811	GO:0031362	IBA	anchored component of external side of plasma membrane	21873635	ENSG00000185245
2811	GO:0031362	IDA	anchored component of external side of plasma membrane	19443707	ENSG00000185245
2817	GO:0009986	IBA	cell surface	21873635	ENSG00000063660
2826	GO:0009897	IBA	external side of plasma membrane	21873635	ENSG00000184451
2826	GO:0009986	IDA	cell surface	18308860	ENSG00000184451
2829	GO:0009897	IBA	external side of plasma membrane	21873635	ENSG00000173578
2833	GO:0009897	IBA	external side of plasma membrane	21873635	ENSG00000186810
2890	GO:0009986	ISS	cell surface	-	ENSG00000155511
2891	GO:0009897	TAS	external side of plasma membrane	21221849	ENSG00000120251
2902	GO:0009986	ISS	cell surface	17526495	ENSG00000176884
2903	GO:0009986	ISS	cell surface	-	ENSG00000183454
2904	GO:0009986	ISS	cell surface	17526495	ENSG00000273079
2923	GO:0009986	IBA	cell surface	21873635	ENSG00000167004
2923	GO:0009986	IDA	cell surface	19995400	ENSG00000167004
2936	GO:0009897	IEA	external side of plasma membrane	-	ENSG00000104687
3024	GO:0009986	IEA	cell surface	-	ENSG00000124610
3077	GO:0009897	IBA	external side of plasma membrane	21873635	ENSG00000010704
3077	GO:0009897	IDA	external side of plasma membrane	24904118	ENSG00000010704
3105	GO:0009897	IBA	external side of plasma membrane	21873635	ENSG00000206503
3105	GO:0009986	ISS	cell surface	-	ENSG00000206503
3106	GO:0009897	IBA	external side of plasma membrane	21873635	ENSG00000234745
3106	GO:0009986	ISS	cell surface	-	ENSG00000234745
3107	GO:0009897	IBA	external side of plasma membrane	21873635	ENSG00000204525
3107	GO:0009986	ISS	cell surface	-	ENSG00000204525
3108	GO:0009986	IDA	cell surface	22247549	ENSG00000204257
3113	GO:0009986	IMP	cell surface	20356827	ENSG00000231389
3115	GO:0009986	IMP	cell surface	20356827	ENSG00000223865
3122	GO:0009986	IDA	cell surface	21502329	ENSG00000204287
3123	GO:0009986	IDA	cell surface	21502329	ENSG00000196126
3133	GO:0009897	IBA	external side of plasma membrane	21873635	ENSG00000204592
3133	GO:0009986	IDA	cell surface	9754572|12411439|25631937	ENSG00000204592
3134	GO:0009897	IBA	external side of plasma membrane	21873635	ENSG00000204642
3134	GO:0009986	IDA	cell surface	20865824	ENSG00000204642
3135	GO:0009897	IBA	external side of plasma membrane	21873635	ENSG00000204632
3136	GO:0009897	IBA	external side of plasma membrane	21873635	NA
3136	GO:0009986	IMP	cell surface	9162021	NA
3140	GO:0009897	IBA	external side of plasma membrane	21873635	ENSG00000153029
3146	GO:0009986	IDA	cell surface	19841752	ENSG00000189403
3161	GO:0009986	IEA	cell surface	-	ENSG00000072571
3192	GO:0009986	IDA	cell surface	7993898	ENSG00000153187
3249	GO:0009986	IDA	cell surface	8346233|16908524	ENSG00000105707
3273	GO:0009986	IDA	cell surface	15220341	ENSG00000113905
3306	GO:0009986	IEA	cell surface	-	ENSG00000126803
3309	GO:0009986	IEA	cell surface	-	ENSG00000044574
3320	GO:0009986	IBA	cell surface	21873635	ENSG00000080824
3321	GO:0009986	HDA	cell surface	19581412	ENSG00000143061
3323	GO:0009986	IBA	cell surface	21873635	NA
3324	GO:0009986	IBA	cell surface	21873635	NA
3326	GO:0009986	IBA	cell surface	21873635	ENSG00000096384
3327	GO:0009986	IBA	cell surface	21873635	NA
3329	GO:0009986	IDA	cell surface	9243807|10663613|11807771	ENSG00000144381
3383	GO:0009897	IEA	external side of plasma membrane	-	ENSG00000090339
3383	GO:0009986	HDA	cell surface	19581412|23981064	ENSG00000090339
3416	GO:0009897	IDA	external side of plasma membrane	16511862	ENSG00000119912
3416	GO:0009986	IDA	cell surface	16511862|17055432	ENSG00000119912
3416	GO:0009986	ISS	cell surface	-	ENSG00000119912
3482	GO:0009986	IDA	cell surface	10900005	ENSG00000197081
3493	GO:0009897	IBA	external side of plasma membrane	21873635	NA
3494	GO:0009897	IBA	external side of plasma membrane	21873635	NA
3495	GO:0009897	IBA	external side of plasma membrane	21873635	NA
3497	GO:0009897	IBA	external side of plasma membrane	21873635	NA
3500	GO:0009897	IBA	external side of plasma membrane	21873635	NA
3501	GO:0009897	IBA	external side of plasma membrane	21873635	NA
3502	GO:0009897	IBA	external side of plasma membrane	21873635	NA
3503	GO:0009897	IBA	external side of plasma membrane	21873635	NA
3507	GO:0009897	IBA	external side of plasma membrane	21873635	NA
3507	GO:0009986	IDA	cell surface	22427638	NA
3514	GO:0009897	IBA	external side of plasma membrane	21873635	NA
3537	GO:0009897	IBA	external side of plasma membrane	21873635	NA
3538	GO:0009897	IBA	external side of plasma membrane	21873635	NA
3539	GO:0009897	IBA	external side of plasma membrane	21873635	NA
3542	GO:0009897	IBA	external side of plasma membrane	21873635	NA
3543	GO:0009897	IBA	external side of plasma membrane	21873635	ENSG00000128322
3554	GO:0009897	IEA	external side of plasma membrane	-	ENSG00000115594
3559	GO:0009897	IEA	external side of plasma membrane	-	ENSG00000134460
3560	GO:0009897	ISS	external side of plasma membrane	-	ENSG00000100385
3560	GO:0009986	IDA	cell surface	15123770	ENSG00000100385
3561	GO:0009897	IBA	external side of plasma membrane	21873635	ENSG00000147168
3561	GO:0009897	ISS	external side of plasma membrane	-	ENSG00000147168
3561	GO:0009986	IDA	cell surface	15123770	ENSG00000147168
3563	GO:0009897	IBA	external side of plasma membrane	21873635	ENSG00000185291
3568	GO:0009897	IBA	external side of plasma membrane	21873635	ENSG00000091181
3570	GO:0009897	IBA	external side of plasma membrane	21873635	ENSG00000160712
3572	GO:0009897	IBA	external side of plasma membrane	21873635	ENSG00000134352
3575	GO:0009897	IEA	external side of plasma membrane	-	ENSG00000168685
3577	GO:0009897	IBA	external side of plasma membrane	21873635	ENSG00000163464
3579	GO:0009897	IBA	external side of plasma membrane	21873635	ENSG00000180871
3579	GO:0009986	IDA	cell surface	10878382	ENSG00000180871
3590	GO:0009897	IBA	external side of plasma membrane	21873635	ENSG00000137070
3592	GO:0009986	IEA	cell surface	-	ENSG00000168811
3593	GO:0009897	IBA	external side of plasma membrane	21873635	ENSG00000113302
3594	GO:0009897	IBA	external side of plasma membrane	21873635	ENSG00000096996
3595	GO:0009897	IBA	external side of plasma membrane	21873635	ENSG00000081985
3596	GO:0009897	IEA	external side of plasma membrane	-	ENSG00000169194
3597	GO:0009897	IBA	external side of plasma membrane	21873635	ENSG00000131724
3598	GO:0009897	IBA	external side of plasma membrane	21873635	ENSG00000123496
3600	GO:0009986	IEA	cell surface	-	ENSG00000164136
3601	GO:0009986	IDA	cell surface	15123770	ENSG00000134470
3604	GO:0009897	IEA	external side of plasma membrane	-	ENSG00000049249
3605	GO:0009897	IEA	external side of plasma membrane	-	ENSG00000112115
3627	GO:0009897	IEA	external side of plasma membrane	-	ENSG00000169245
3643	GO:0009897	ISS	external side of plasma membrane	-	ENSG00000171105
3655	GO:0009897	IEA	external side of plasma membrane	-	ENSG00000091409
3655	GO:0009986	HDA	cell surface	23658023	ENSG00000091409
3655	GO:0009986	IDA	cell surface	19933311|20563599|23154389	ENSG00000091409
3672	GO:0009897	IEA	external side of plasma membrane	-	ENSG00000213949
3672	GO:0009986	HDA	cell surface	19581412|23658023	ENSG00000213949
3672	GO:0009986	IDA	cell surface	19933311|20563599	ENSG00000213949
3673	GO:0009897	IEA	external side of plasma membrane	-	ENSG00000164171
3673	GO:0009986	HDA	cell surface	19581412|23382103|23658023	ENSG00000164171
3673	GO:0009986	IDA	cell surface	19933311|20563599|21310825	ENSG00000164171
3674	GO:0009897	IEA	external side of plasma membrane	-	ENSG00000005961
3674	GO:0009986	HDA	cell surface	23382103	ENSG00000005961
3675	GO:0009897	IEA	external side of plasma membrane	-	ENSG00000005884
3675	GO:0009986	HDA	cell surface	19581412	ENSG00000005884
3675	GO:0009986	IDA	cell surface	19933311|20563599|21310825|24220332|25063885	ENSG00000005884
3676	GO:0009986	IDA	cell surface	1715889|18308860|20563599|23986478	ENSG00000115232
3678	GO:0009897	IEA	external side of plasma membrane	-	ENSG00000161638
3678	GO:0009986	HDA	cell surface	19581412|23658023	ENSG00000161638
3678	GO:0009986	IDA	cell surface	17158881|20563599|23154389	ENSG00000161638
3679	GO:0009986	IC	cell surface	20563599	ENSG00000135424
3681	GO:0009986	IC	cell surface	20563599	ENSG00000156886
3682	GO:0009897	IEA	external side of plasma membrane	-	ENSG00000083457
3683	GO:0009986	HDA	cell surface	23981064	ENSG00000005844
3683	GO:0009986	IDA	cell surface	19029120|19234460	ENSG00000005844
3684	GO:0009897	NAS	external side of plasma membrane	20199584	ENSG00000169896
3684	GO:0009986	HDA	cell surface	23981064	ENSG00000169896
3684	GO:0009986	IDA	cell surface	19234460	ENSG00000169896
3685	GO:0009897	IEA	external side of plasma membrane	-	ENSG00000138448
3685	GO:0009986	HDA	cell surface	19581412|23658023	ENSG00000138448
3685	GO:0009986	IDA	cell surface	1918072|7525578|19933311|20563599|21310825|22505472|23154389|25063885	ENSG00000138448
3685	GO:0009986	ISS	cell surface	-	ENSG00000138448
3687	GO:0009986	HDA	cell surface	23981064	ENSG00000140678
3687	GO:0009986	IC	cell surface	20563599	ENSG00000140678
3687	GO:0009986	IDA	cell surface	19234460	ENSG00000140678
3688	GO:0009897	IEA	external side of plasma membrane	-	ENSG00000150093
3688	GO:0009986	HDA	cell surface	19581412|23382103|23658023|23981064	ENSG00000150093
3688	GO:0009986	IBA	cell surface	21873635	ENSG00000150093
3688	GO:0009986	IDA	cell surface	1715889|17158881|19234460|19933311|20563599|21310825|23023225|23154389|23620790|24036928|25063885	ENSG00000150093
3689	GO:0009897	NAS	external side of plasma membrane	20199584	ENSG00000160255
3689	GO:0009986	HDA	cell surface	23981064	ENSG00000160255
3689	GO:0009986	IBA	cell surface	21873635	ENSG00000160255
3689	GO:0009986	IDA	cell surface	19029120|19234460|20563599|23620790	ENSG00000160255
3690	GO:0009986	HDA	cell surface	23382103|23658023	ENSG00000259207
3690	GO:0009986	IBA	cell surface	21873635	ENSG00000259207
3690	GO:0009986	IDA	cell surface	7525578|19234460|19933311|20563599|22505472|23023225|25063885	ENSG00000259207
3691	GO:0009986	IBA	cell surface	21873635	ENSG00000132470
3691	GO:0009986	IDA	cell surface	19933311|21310825	ENSG00000132470
3693	GO:0009986	HDA	cell surface	23658023	ENSG00000082781
3693	GO:0009986	IBA	cell surface	21873635	ENSG00000082781
3693	GO:0009986	IDA	cell surface	7525578|23154389|24036928|25063885	ENSG00000082781
3694	GO:0009897	IEA	external side of plasma membrane	-	ENSG00000115221
3694	GO:0009986	IBA	cell surface	21873635	ENSG00000115221
3695	GO:0009986	IBA	cell surface	21873635	ENSG00000139626
3695	GO:0009986	IDA	cell surface	18308860|23986478	ENSG00000139626
3696	GO:0009986	IBA	cell surface	21873635	ENSG00000105855
3696	GO:0009986	IDA	cell surface	1918072|7525578	ENSG00000105855
3736	GO:0009986	IEA	cell surface	-	ENSG00000111262
3741	GO:0009986	IDA	cell surface	23264583	ENSG00000130037
3746	GO:0009986	IEA	cell surface	-	ENSG00000129159
3753	GO:0009986	IDA	cell surface	10400998	ENSG00000180509
3757	GO:0009986	IDA	cell surface	21536673	ENSG00000055118
3760	GO:0009897	IEA	external side of plasma membrane	-	ENSG00000162989
3762	GO:0009897	IEA	external side of plasma membrane	-	ENSG00000120457
3776	GO:0009986	IEA	cell surface	-	ENSG00000082482
3781	GO:0009986	IDA	cell surface	19815520	ENSG00000080709
3786	GO:0009986	IEA	cell surface	-	ENSG00000184156
3815	GO:0009897	IEA	external side of plasma membrane	-	ENSG00000157404
3824	GO:0009897	IEA	external side of plasma membrane	-	ENSG00000134539
3851	GO:0009986	IDA	cell surface	17709412	ENSG00000170477
3858	GO:0009986	IEA	cell surface	-	ENSG00000186395
3897	GO:0009986	HDA	cell surface	19581412	ENSG00000198910
3897	GO:0009986	IDA	cell surface	22973895	ENSG00000198910
3902	GO:0009897	IEA	external side of plasma membrane	-	ENSG00000089692
3916	GO:0009897	IEA	external side of plasma membrane	-	ENSG00000185896
3929	GO:0009986	IDA	cell surface	11528597	ENSG00000129988
3949	GO:0009897	IDA	external side of plasma membrane	15166224	ENSG00000130164
3949	GO:0009986	IDA	cell surface	17461796	ENSG00000130164
3949	GO:0009986	ISS	cell surface	-	ENSG00000130164
3953	GO:0009897	IBA	external side of plasma membrane	21873635	ENSG00000116678
3956	GO:0009986	IEA	cell surface	-	ENSG00000100097
3958	GO:0009986	ISS	cell surface	-	ENSG00000131981
3977	GO:0009897	IBA	external side of plasma membrane	21873635	ENSG00000113594
4008	GO:0009986	IDA	cell surface	17067998	ENSG00000136153
4023	GO:0009986	IEA	cell surface	-	ENSG00000175445
4036	GO:0009897	ISS	external side of plasma membrane	-	ENSG00000081479
4038	GO:0009986	IDA	cell surface	20381006	ENSG00000134569
4038	GO:0009986	ISS	cell surface	-	ENSG00000134569
4040	GO:0009986	IBA	cell surface	21873635	ENSG00000070018
4040	GO:0009986	IDA	cell surface	12897152	ENSG00000070018
4043	GO:0009986	IEA	cell surface	-	ENSG00000163956
4057	GO:0009986	IDA	cell surface	17567961	ENSG00000012223
4059	GO:0009897	IC	external side of plasma membrane	16236823	ENSG00000187244
4063	GO:0009986	IEA	cell surface	-	ENSG00000122224
4072	GO:0009986	IEA	cell surface	-	ENSG00000119888
4142	GO:0009986	IEA	cell surface	-	ENSG00000130368
4153	GO:0009986	TAS	cell surface	2477488	ENSG00000165471
4155	GO:0009986	ISS	cell surface	-	ENSG00000197971
4162	GO:0009897	IDA	external side of plasma membrane	20354148	ENSG00000076706
4179	GO:0009986	IDA	cell surface	23086448	ENSG00000117335
4217	GO:0009897	IEA	external side of plasma membrane	-	ENSG00000197442
4233	GO:0009986	HDA	cell surface	19581412	ENSG00000105976
4240	GO:0009897	IEA	external side of plasma membrane	-	ENSG00000140545
4241	GO:0009986	IDA	cell surface	7556058	ENSG00000163975
4277	GO:0009897	IBA	external side of plasma membrane	21873635	ENSG00000204516
4277	GO:0009986	ISS	cell surface	-	ENSG00000204516
4282	GO:0009986	IDA	cell surface	12782713	ENSG00000240972
4283	GO:0009897	IEA	external side of plasma membrane	-	ENSG00000138755
4311	GO:0009986	NAS	cell surface	15100223	ENSG00000196549
4316	GO:0009986	IEA	cell surface	-	ENSG00000137673
4325	GO:0009986	IEA	cell surface	-	ENSG00000156103
4340	GO:0009897	IBA	external side of plasma membrane	21873635	ENSG00000204655
4345	GO:0009986	IDA	cell surface	11260322	ENSG00000091972
4345	GO:0009986	ISS	cell surface	-	ENSG00000091972
4345	GO:0009986	TAS	cell surface	9295026	ENSG00000091972
4352	GO:0009986	IDA	cell surface	25538044	ENSG00000117400
4360	GO:0009986	IEA	cell surface	-	ENSG00000260314
4363	GO:0009986	IDA	cell surface	18619525	ENSG00000103222
4478	GO:0009986	IDA	cell surface	15922359	ENSG00000147065
4486	GO:0009986	HDA	cell surface	19581412	ENSG00000164078
4680	GO:0009986	IC	cell surface	2803308	ENSG00000086548
4680	GO:0009986	IDA	cell surface	2317824|8776764|16204051	ENSG00000086548
4684	GO:0009897	IDA	external side of plasma membrane	17213291	ENSG00000149294
4684	GO:0009986	IDA	cell surface	10766765	ENSG00000149294
4693	GO:0009986	IDA	cell surface	17955262	ENSG00000124479
4804	GO:0009986	IBA	cell surface	21873635	ENSG00000064300
4804	GO:0009986	ISS	cell surface	-	ENSG00000064300
4851	GO:0009986	IBA	cell surface	21873635	ENSG00000148400
4853	GO:0009986	IBA	cell surface	21873635	ENSG00000134250
4853	GO:0009986	IDA	cell surface	9244302	ENSG00000134250
4854	GO:0009986	IBA	cell surface	21873635	ENSG00000074181
4855	GO:0009986	IDA	cell surface	11823422	ENSG00000204301
4891	GO:0009986	IBA	cell surface	21873635	ENSG00000110911
4897	GO:0009897	NAS	external side of plasma membrane	8812479	ENSG00000091129
4898	GO:0009986	TAS	cell surface	12463163	ENSG00000078618
4907	GO:0009986	HDA	cell surface	19581412	ENSG00000135318
4914	GO:0009986	IEA	cell surface	-	ENSG00000198400
4919	GO:0009986	IEA	cell surface	-	ENSG00000185483
4920	GO:0009986	IEA	cell surface	-	ENSG00000169071
4923	GO:0009986	IEA	cell surface	-	ENSG00000101188
5023	GO:0009897	IEA	external side of plasma membrane	-	ENSG00000108405
5027	GO:0009897	IEA	external side of plasma membrane	-	ENSG00000089041
5028	GO:0009986	HDA	cell surface	23382103	ENSG00000169860
5034	GO:0009897	IBA	external side of plasma membrane	21873635	ENSG00000185624
5034	GO:0009897	IDA	external side of plasma membrane	21670307	ENSG00000185624
5045	GO:0009986	IDA	cell surface	16537537	ENSG00000140564
5046	GO:0009986	IBA	cell surface	21873635	ENSG00000140479
5046	GO:0009986	IDA	cell surface	12535616	ENSG00000140479
5066	GO:0009986	IEA	cell surface	-	ENSG00000145730
5104	GO:0009897	IDA	external side of plasma membrane	9556620	ENSG00000188488
5133	GO:0009897	IEA	external side of plasma membrane	-	ENSG00000188389
5154	GO:0009986	IDA	cell surface	291037|2538439|2836953	ENSG00000197461
5155	GO:0009986	IDA	cell surface	291037|2538439|2836953|9685360	ENSG00000100311
5156	GO:0009897	IEA	external side of plasma membrane	-	ENSG00000134853
5159	GO:0009986	IEA	cell surface	-	ENSG00000113721
5167	GO:0009986	IBA	cell surface	21873635	ENSG00000197594
5167	GO:0009986	IDA	cell surface	10513816	ENSG00000197594
5169	GO:0009897	IDA	external side of plasma membrane	11342463	ENSG00000154269
5175	GO:0009897	IEA	external side of plasma membrane	-	ENSG00000261371
5243	GO:0009986	IDA	cell surface	18619525|19384922	ENSG00000085563
5243	GO:0098591	ISS	external side of apical plasma membrane	18619525	ENSG00000085563
5245	GO:0009986	IDA	cell surface	22417827|24732013	ENSG00000167085
5270	GO:0031232	IDA	extrinsic component of external side of plasma membrane	19855083	ENSG00000135919
5310	GO:0009986	IEA	cell surface	-	ENSG00000008710
5314	GO:0031362	TAS	anchored component of external side of plasma membrane	11919560	ENSG00000170927
5319	GO:0009986	IDA	cell surface	1918029	ENSG00000170890
5327	GO:0009986	IDA	cell surface	1632457	ENSG00000104368
5328	GO:0009986	IDA	cell surface	18835034	ENSG00000122861
5329	GO:0009986	IDA	cell surface	15922359	ENSG00000011422
5340	GO:0009986	IDA	cell surface	14699093	ENSG00000122194
5340	GO:0031232	IDA	extrinsic component of external side of plasma membrane	14699093	ENSG00000122194
5345	GO:0009986	IDA	cell surface	17958745	ENSG00000167711
5365	GO:0009986	IDA	cell surface	16122393	ENSG00000198753
5618	GO:0009897	IBA	external side of plasma membrane	21873635	ENSG00000113494
5618	GO:0009986	IDA	cell surface	10585417	ENSG00000113494
5621	GO:0009986	HDA	cell surface	19581412	ENSG00000171867
5621	GO:0009986	IDA	cell surface	18419754	ENSG00000171867
5621	GO:0031362	NAS	anchored component of external side of plasma membrane	22293988	ENSG00000171867
5663	GO:0009986	IBA	cell surface	21873635	ENSG00000080815
5664	GO:0009986	IBA	cell surface	21873635	ENSG00000143801
5738	GO:0009986	HDA	cell surface	19581412	ENSG00000134247
5764	GO:0009986	IEA	cell surface	-	ENSG00000105894
5788	GO:0009897	IDA	external side of plasma membrane	17213291	ENSG00000081237
5788	GO:0009986	IDA	cell surface	12100025|12354383|24337748	ENSG00000081237
5795	GO:0009986	IDA	cell surface	12913111	ENSG00000149177
5796	GO:0009986	IDA	cell surface	18276111	ENSG00000152894
5817	GO:0009986	IDA	cell surface	16831868	ENSG00000073008
5819	GO:0009986	IDA	cell surface	16831868	ENSG00000130202
5898	GO:0009986	IDA	cell surface	19306925	ENSG00000006451
5914	GO:0009986	IC	cell surface	2825025	ENSG00000131759
6091	GO:0009986	IDA	cell surface	12504588	ENSG00000169855
6092	GO:0009986	IDA	cell surface	12504588	ENSG00000185008
6098	GO:0009986	IEA	cell surface	-	ENSG00000047936
6198	GO:0009986	IEA	cell surface	-	ENSG00000108443
6272	GO:0009986	IDA	cell surface	10085125	ENSG00000134243
6331	GO:0009986	IDA	cell surface	14500339|19666841|19943616	ENSG00000183873
6338	GO:0009897	IEA	external side of plasma membrane	-	ENSG00000168447
6340	GO:0009897	IEA	external side of plasma membrane	-	ENSG00000166828
6376	GO:0009986	IDA	cell surface	12714508	ENSG00000006210
6382	GO:0009897	IEA	external side of plasma membrane	-	ENSG00000115884
6382	GO:0009986	IBA	cell surface	21873635	ENSG00000115884
6382	GO:0009986	IDA	cell surface	25063885	ENSG00000115884
6383	GO:0009986	IBA	cell surface	21873635	ENSG00000169439
6385	GO:0009986	IBA	cell surface	21873635	ENSG00000124145
6387	GO:0009897	IBA	external side of plasma membrane	21873635	ENSG00000107562
6402	GO:0009897	IEA	external side of plasma membrane	-	ENSG00000188404
6403	GO:0009897	IDA	external side of plasma membrane	16514062	ENSG00000174175
6422	GO:0009986	IDA	cell surface	9192640	ENSG00000104332
6424	GO:0009986	IDA	cell surface	14760084	ENSG00000106483
6469	GO:0009986	ISS	cell surface	-	ENSG00000164690
6504	GO:0009986	IEA	cell surface	-	ENSG00000117090
6506	GO:0009986	IDA	cell surface	21399631	ENSG00000110436
6507	GO:0009986	IEA	cell surface	-	ENSG00000079215
6509	GO:0009986	HDA	cell surface	19581412	ENSG00000115902
6513	GO:0009986	ISS	cell surface	18619525	ENSG00000117394
6517	GO:0009897	IDA	external side of plasma membrane	14562105	ENSG00000181856
6520	GO:0009986	HDA	cell surface	19581412	ENSG00000168003
6520	GO:0009986	IDA	cell surface	25063885	ENSG00000168003
6529	GO:0009986	IBA	cell surface	21873635	ENSG00000157103
6530	GO:0009986	IEA	cell surface	-	ENSG00000103546
6531	GO:0009986	IDA	cell surface	21399631	ENSG00000142319
6548	GO:0009986	IEA	cell surface	-	ENSG00000090020
6550	GO:0009986	ISS	cell surface	-	ENSG00000066230
6566	GO:0009986	ISS	cell surface	18619525	ENSG00000155380
6569	GO:0009986	IEA	cell surface	-	ENSG00000131183
6678	GO:0009986	IDA	cell surface	3400777|15389586	ENSG00000113140
6693	GO:0009986	IDA	cell surface	12354383|20605918	ENSG00000197471
6810	GO:0009986	IDA	cell surface	15576373|20434989	ENSG00000103496
6843	GO:0009986	IEA	cell surface	-	ENSG00000139190
6845	GO:0009986	IEA	cell surface	-	ENSG00000124333
6868	GO:0009986	IDA	cell surface	9034190|18383040|18625725	ENSG00000151694
6900	GO:0009986	IEA	cell surface	-	ENSG00000184144
6974	GO:0009897	IBA	external side of plasma membrane	21873635	NA
6976	GO:0009897	IBA	external side of plasma membrane	21873635	NA
6977	GO:0009897	IBA	external side of plasma membrane	21873635	NA
6978	GO:0009897	IBA	external side of plasma membrane	21873635	NA
6982	GO:0009897	IBA	external side of plasma membrane	21873635	NA
6983	GO:0009897	IBA	external side of plasma membrane	21873635	NA
6997	GO:0009986	IBA	cell surface	21873635	ENSG00000241186
6997	GO:0009986	IDA	cell surface	12925698	ENSG00000241186
6998	GO:0009986	IBA	cell surface	21873635	NA
7010	GO:0009986	IDA	cell surface	19689429	ENSG00000120156
7018	GO:0009986	IDA	cell surface	16195351	ENSG00000091513
7018	GO:0031232	IGI	extrinsic component of external side of plasma membrane	18353247	ENSG00000091513
7035	GO:0009986	HDA	cell surface	19581412	ENSG00000003436
7035	GO:0009986	IDA	cell surface	21868574	ENSG00000003436
7036	GO:0009897	IBA	external side of plasma membrane	21873635	ENSG00000106327
7036	GO:0009897	IGI	external side of plasma membrane	18353247	ENSG00000106327
7037	GO:0009897	IBA	external side of plasma membrane	21873635	ENSG00000072274
7037	GO:0009897	IGI	external side of plasma membrane	18353247	ENSG00000072274
7037	GO:0009986	IDA	cell surface	7556058	ENSG00000072274
7037	GO:0009986	ISS	cell surface	18619525	ENSG00000072274
7039	GO:0009986	IDA	cell surface	12743035	ENSG00000163235
7040	GO:0009986	IMP	cell surface	19366691	ENSG00000105329
7043	GO:0009986	IEA	cell surface	-	ENSG00000119699
7046	GO:0009986	IDA	cell surface	25893292	ENSG00000106799
7048	GO:0009897	IDA	external side of plasma membrane	18453574	ENSG00000163513
7049	GO:0009897	IDA	external side of plasma membrane	12958365	ENSG00000069702
7049	GO:0009986	ISS	cell surface	-	ENSG00000069702
7056	GO:0009986	IDA	cell surface	17379830	ENSG00000178726
7057	GO:0009897	IDA	external side of plasma membrane	6777381	ENSG00000137801
7057	GO:0009986	IDA	cell surface	2435757|3084490|6777381	ENSG00000137801
7070	GO:0009897	ISS	external side of plasma membrane	-	ENSG00000154096
7070	GO:0009986	IDA	cell surface	9749990	ENSG00000154096
7070	GO:0031362	IBA	anchored component of external side of plasma membrane	21873635	ENSG00000154096
7077	GO:0009986	IEA	cell surface	-	ENSG00000035862
7094	GO:0009986	IEA	cell surface	-	ENSG00000137076
7097	GO:0009986	IDA	cell surface	12443841	ENSG00000137462
7098	GO:0009986	IDA	cell surface	19740627	ENSG00000164342
7099	GO:0009897	IDA	external side of plasma membrane	16514062	ENSG00000136869
7099	GO:0009986	IDA	cell surface	25204797	ENSG00000136869
7103	GO:0009986	IEA	cell surface	-	ENSG00000127324
7124	GO:0009897	ISS	external side of plasma membrane	-	ENSG00000232810
7124	GO:0009986	IBA	cell surface	21873635	ENSG00000232810
7124	GO:0009986	IDA	cell surface	18355445	ENSG00000232810
7132	GO:0009986	IEA	cell surface	-	ENSG00000067182
7143	GO:0009986	IEA	cell surface	-	ENSG00000116147
7145	GO:0009986	IEA	cell surface	-	ENSG00000079308
7162	GO:0009986	HDA	cell surface	19581412	ENSG00000146242
7173	GO:0009986	IEA	cell surface	-	ENSG00000115705
7223	GO:0009986	IDA	cell surface	19996314	ENSG00000133107
7253	GO:0009986	ISS	cell surface	-	ENSG00000165409
7292	GO:0009986	IDA	cell surface	18397322	ENSG00000117586
7293	GO:0009897	IBA	external side of plasma membrane	21873635	ENSG00000186827
7293	GO:0009986	ISS	cell surface	-	ENSG00000186827
7301	GO:0009986	IDA	cell surface	7511603	ENSG00000092445
7305	GO:0009986	IDA	cell surface	15294961	ENSG00000011600
7412	GO:0009897	IDA	external side of plasma membrane	1377228	ENSG00000162692
7412	GO:0009986	IDA	cell surface	1715889|23474851	ENSG00000162692
7422	GO:0009986	IDA	cell surface	17470632	ENSG00000112715
7442	GO:0009897	IEA	external side of plasma membrane	-	ENSG00000196689
7471	GO:0009986	IEA	cell surface	-	ENSG00000125084
7472	GO:0031232	IDA	extrinsic component of external side of plasma membrane	19038973	ENSG00000105989
7474	GO:0009986	IEA	cell surface	-	ENSG00000114251
7475	GO:0009986	IEA	cell surface	-	ENSG00000115596
7476	GO:0009986	IEA	cell surface	-	ENSG00000154764
7852	GO:0009897	IBA	external side of plasma membrane	21873635	ENSG00000121966
7852	GO:0009986	IDA	cell surface	10521508|10644702|18308860|19106094|19665027|23620790	ENSG00000121966
7855	GO:0009986	IDA	cell surface	19643732	ENSG00000163251
7976	GO:0009986	IEA	cell surface	-	ENSG00000104290
8029	GO:0031232	NAS	extrinsic component of external side of plasma membrane	11994745	ENSG00000107611
8140	GO:0009986	ISS	cell surface	18619525	ENSG00000103257
8140	GO:0098591	ISS	external side of apical plasma membrane	18619525	ENSG00000103257
8301	GO:0009986	IDA	cell surface	26005850	ENSG00000073921
8321	GO:0009986	IDA	cell surface	19643732	ENSG00000157240
8322	GO:0009986	IDA	cell surface	19643732	ENSG00000174804
8323	GO:0009986	IEA	cell surface	-	ENSG00000164930
8326	GO:0009986	IDA	cell surface	20458727	ENSG00000188763
8406	GO:0009986	IEA	cell surface	-	ENSG00000101955
8416	GO:0009986	IDA	cell surface	10899159	ENSG00000143412
8482	GO:0009897	IBA	external side of plasma membrane	21873635	ENSG00000138623
8482	GO:0009897	ISS	external side of plasma membrane	-	ENSG00000138623
8497	GO:0009986	IEA	cell surface	-	ENSG00000143847
8499	GO:0009986	IEA	cell surface	-	ENSG00000139220
8516	GO:0009986	IDA	cell surface	24439109	ENSG00000077943
8581	GO:0009986	IBA	cell surface	21873635	ENSG00000167656
8633	GO:0009986	IEA	cell surface	-	ENSG00000182168
8639	GO:0009986	IDA	cell surface	9653080|23349812	ENSG00000131471
8674	GO:0009986	IDA	cell surface	21151919	ENSG00000117533
8692	GO:0009986	IDA	cell surface	17170110	ENSG00000068001
8692	GO:0009986	ISS	cell surface	-	ENSG00000068001
8692	GO:0031362	IDA	anchored component of external side of plasma membrane	11296287|16191204|20554532	ENSG00000068001
8692	GO:0031362	IDA	anchored component of external side of plasma membrane	19443707	ENSG00000068001
8751	GO:0009986	IDA	cell surface	22505472	ENSG00000143537
8754	GO:0009986	ISS	cell surface	8647900	ENSG00000168615
8754	GO:0031233	ISS	intrinsic component of external side of plasma membrane	8647900	ENSG00000168615
8764	GO:0009897	IBA	external side of plasma membrane	21873635	ENSG00000157873
8792	GO:0009897	IDA	external side of plasma membrane	9367155	ENSG00000141655
8793	GO:0009986	IBA	cell surface	21873635	ENSG00000173530
8794	GO:0009986	IBA	cell surface	21873635	ENSG00000173535
8795	GO:0009986	IBA	cell surface	21873635	ENSG00000120889
8795	GO:0009986	IDA	cell surface	22952982	ENSG00000120889
8797	GO:0009986	IBA	cell surface	21873635	ENSG00000104689
8797	GO:0009986	IDA	cell surface	22952982	ENSG00000104689
8829	GO:0009986	IEA	cell surface	-	ENSG00000099250
8842	GO:0009986	IBA	cell surface	21873635	ENSG00000007062
8842	GO:0009986	IDA	cell surface	16809613|19384922	ENSG00000007062
8927	GO:0009986	IEA	cell surface	-	ENSG00000164061
8995	GO:0009986	IBA	cell surface	21873635	ENSG00000120337
8995	GO:0009986	ISS	cell surface	-	ENSG00000120337
9019	GO:0009986	HDA	cell surface	19581412	ENSG00000197965
9033	GO:0009986	ISS	cell surface	-	ENSG00000107593
9034	GO:0009897	IBA	external side of plasma membrane	21873635	ENSG00000121797
9097	GO:0009986	IDA	cell surface	19106094	ENSG00000101557
9170	GO:0009986	IDA	cell surface	19306925	ENSG00000064547
9173	GO:0009897	IEA	external side of plasma membrane	-	ENSG00000115602
9177	GO:0009986	IDA	cell surface	16571125	ENSG00000149305
9180	GO:0009897	IBA	external side of plasma membrane	21873635	ENSG00000145623
9244	GO:0009897	IBA	external side of plasma membrane	21873635	ENSG00000006016
9255	GO:0009986	IDA	cell surface	11741979	ENSG00000164022
9308	GO:0009897	IEA	external side of plasma membrane	-	ENSG00000112149
9332	GO:0009897	IBA	external side of plasma membrane	21873635	ENSG00000177575
9332	GO:0009897	IDA	external side of plasma membrane	24942581	ENSG00000177575
9341	GO:0009986	IEA	cell surface	-	ENSG00000049245
9358	GO:0009986	IBA	cell surface	21873635	ENSG00000198542
9370	GO:0009986	IDA	cell surface	10982546	ENSG00000181092
9376	GO:0009986	ISS	cell surface	18619525	ENSG00000149452
9378	GO:0009986	IDA	cell surface	21424692	ENSG00000179915
9388	GO:0009986	IDA	cell surface	23918928	ENSG00000101670
9429	GO:0009986	IDA	cell surface	18619525	ENSG00000118777
9429	GO:0098591	ISS	external side of apical plasma membrane	18619525	ENSG00000118777
9436	GO:0009986	IBA	cell surface	21873635	ENSG00000096264
9466	GO:0009897	IBA	external side of plasma membrane	21873635	ENSG00000104998
9601	GO:0009986	IBA	cell surface	21873635	ENSG00000155660
9601	GO:0009986	IDA	cell surface	19995400	ENSG00000155660
9619	GO:0009897	IDA	external side of plasma membrane	16556852	ENSG00000160179
9672	GO:0009986	IBA	cell surface	21873635	ENSG00000162512
9746	GO:0009986	IBA	cell surface	21873635	ENSG00000139182
9982	GO:0009986	IEA	cell surface	-	ENSG00000137440
9992	GO:0009986	IDA	cell surface	22180649	ENSG00000159197
10047	GO:0009986	IEA	cell surface	-	ENSG00000125815
10057	GO:0009986	IDA	cell surface	18619525	ENSG00000114770
10077	GO:0009986	IEA	cell surface	-	ENSG00000064201
10082	GO:0009986	IBA	cell surface	21873635	ENSG00000183098
10148	GO:0009897	IBA	external side of plasma membrane	21873635	ENSG00000105246
10149	GO:0009986	HDA	cell surface	19581412	ENSG00000173698
10159	GO:0009897	IBA	external side of plasma membrane	21873635	ENSG00000182220
10159	GO:0009897	IDA	external side of plasma membrane	12045255|15746149	ENSG00000182220
10211	GO:0009897	IEA	external side of plasma membrane	-	ENSG00000137312
10232	GO:0009986	IBA	cell surface	21873635	ENSG00000102854
10257	GO:0009986	IDA	cell surface	18619525	ENSG00000125257
10257	GO:0098591	ISS	external side of apical plasma membrane	18619525	ENSG00000125257
10266	GO:0009986	IBA	cell surface	21873635	ENSG00000131477
10266	GO:0009986	IDA	cell surface	14722252	ENSG00000131477
10267	GO:0009986	IBA	cell surface	21873635	ENSG00000132329
10267	GO:0009986	IDA	cell surface	14722252	ENSG00000132329
10268	GO:0009986	IBA	cell surface	21873635	ENSG00000122679
10268	GO:0009986	IDA	cell surface	10882736|14722252	ENSG00000122679
10288	GO:0009986	IDA	cell surface	14971032|22802125	ENSG00000131042
10326	GO:0009986	TAS	cell surface	25795378	ENSG00000101307
10347	GO:0009986	ISS	cell surface	-	ENSG00000064687
10369	GO:0009986	IEA	cell surface	-	ENSG00000166862
10384	GO:0009897	IBA	external side of plasma membrane	21873635	ENSG00000111801
10385	GO:0009897	IBA	external side of plasma membrane	21873635	ENSG00000124508
10495	GO:0009897	IDA	external side of plasma membrane	11488599	ENSG00000165675
10544	GO:0009986	HDA	cell surface	19581412	ENSG00000101000
10663	GO:0009897	IBA	external side of plasma membrane	21873635	ENSG00000172215
10666	GO:0009897	IBA	external side of plasma membrane	21873635	ENSG00000150637
10666	GO:0009986	IDA	cell surface	16831868	ENSG00000150637
10675	GO:0009986	IEA	cell surface	-	ENSG00000114646
10699	GO:0009986	IEA	cell surface	-	ENSG00000145244
10788	GO:0009986	IDA	cell surface	12515716	ENSG00000145703
10791	GO:0009986	IDA	cell surface	21151919	ENSG00000168899
10803	GO:0009897	IBA	external side of plasma membrane	21873635	ENSG00000173585
10803	GO:0009986	IDA	cell surface	18308860	ENSG00000173585
10859	GO:0009897	IDA	external side of plasma membrane	9285411|15585844|17869268|18094328|18684926|21233315|21551166	ENSG00000104972
10870	GO:0009986	IDA	cell surface	10426994|15294961	ENSG00000126264
10917	GO:0009897	IBA	external side of plasma membrane	21873635	ENSG00000168903
10960	GO:0009986	IDA	cell surface	22016386	ENSG00000169223
10961	GO:0009986	IDA	cell surface	19995400	ENSG00000089248
10979	GO:0009986	IEA	cell surface	-	ENSG00000073712
11045	GO:0009986	IDA	cell surface	28228557	ENSG00000105668
11079	GO:0009986	IEA	cell surface	-	ENSG00000157916
11085	GO:0009897	IEA	external side of plasma membrane	-	ENSG00000134249
11093	GO:0009986	NAS	cell surface	11557746	ENSG00000160323
11118	GO:0009897	IBA	external side of plasma membrane	21873635	ENSG00000186470
11119	GO:0009897	IBA	external side of plasma membrane	21873635	ENSG00000026950
11120	GO:0009897	IBA	external side of plasma membrane	21873635	ENSG00000112763
11122	GO:0009986	IDA	cell surface	18644975	ENSG00000196090
11141	GO:0009986	ISS	cell surface	-	ENSG00000169306
11148	GO:0009897	IBA	external side of plasma membrane	21873635	ENSG00000114455
11173	GO:0009986	IEA	cell surface	-	ENSG00000136378
11197	GO:0009986	IBA	cell surface	21873635	ENSG00000156076
11211	GO:0009986	IDA	cell surface	18271942	ENSG00000111432
11309	GO:0009986	ISS	cell surface	18619525	ENSG00000137491
11331	GO:0009986	IDA	cell surface	22417827	ENSG00000215021
22829	GO:0009986	IBA	cell surface	21873635	ENSG00000165246
22871	GO:0009897	IEA	external side of plasma membrane	-	ENSG00000169760
22871	GO:0009986	IBA	cell surface	21873635	ENSG00000169760
22871	GO:0009986	ISS	cell surface	26440732	ENSG00000169760
22883	GO:0009986	IBA	cell surface	21873635	ENSG00000171603
22914	GO:0009897	IBA	external side of plasma membrane	21873635	ENSG00000213809
22914	GO:0009986	IBA	cell surface	21873635	ENSG00000213809
22914	GO:0009986	IDA	cell surface	10426994|15294961	ENSG00000213809
22918	GO:0009986	IEA	cell surface	-	ENSG00000125810
22925	GO:0009986	IDA	cell surface	15611272	ENSG00000153246
23071	GO:0009986	IDA	cell surface	19995400	ENSG00000023318
23181	GO:0009986	IBA	cell surface	21873635	ENSG00000160305
23181	GO:0009986	IDA	cell surface	20054002	ENSG00000160305
23213	GO:0009986	IBA	cell surface	21873635	ENSG00000137573
23213	GO:0009986	IDA	cell surface	12368295|18687675|19520866|19666466	ENSG00000137573
23308	GO:0009897	IBA	external side of plasma membrane	21873635	ENSG00000160223
23553	GO:0009986	IEA	cell surface	-	ENSG00000106302
23555	GO:0009986	IEA	cell surface	-	ENSG00000099282
23601	GO:0009986	ISS	cell surface	-	ENSG00000258227
23621	GO:0009986	IDA	cell surface	15886016|23109336	ENSG00000186318
23621	GO:0009986	ISS	cell surface	-	ENSG00000186318
23627	GO:0031362	IDA	anchored component of external side of plasma membrane	12200435	ENSG00000171864
23627	GO:0031362	ISS	anchored component of external side of plasma membrane	-	ENSG00000171864
23654	GO:0009986	HDA	cell surface	19581412	ENSG00000196576
23657	GO:0009986	IDA	cell surface	25063885	ENSG00000151012
25800	GO:0009986	HDA	cell surface	19581412	ENSG00000141424
25932	GO:0009986	IDA	cell surface	14569596	ENSG00000169504
25960	GO:0009986	IEA	cell surface	-	ENSG00000020181
26047	GO:0009986	IDA	cell surface	19706678	ENSG00000174469
26585	GO:0009986	IEA	cell surface	-	ENSG00000166923
27006	GO:0009986	IEA	cell surface	-	ENSG00000070388
27020	GO:0009986	HDA	cell surface	19581412	ENSG00000156642
27092	GO:0009986	IEA	cell surface	-	ENSG00000075461
27133	GO:0009986	IDA	cell surface	22855790	ENSG00000140015
27152	GO:0009986	IEA	cell surface	-	ENSG00000164066
27286	GO:0009986	ISS	cell surface	-	ENSG00000102359
27302	GO:0009986	IDA	cell surface	17921333	ENSG00000163217
27329	GO:0009986	IDA	cell surface	12565906	ENSG00000132855
28385	GO:0009897	IBA	external side of plasma membrane	21873635	NA
28386	GO:0009897	IBA	external side of plasma membrane	21873635	NA
28388	GO:0009897	IBA	external side of plasma membrane	21873635	NA
28389	GO:0009897	IBA	external side of plasma membrane	21873635	NA
28391	GO:0009897	IBA	external side of plasma membrane	21873635	NA
28392	GO:0009897	IBA	external side of plasma membrane	21873635	NA
28394	GO:0009897	IBA	external side of plasma membrane	21873635	NA
28395	GO:0009897	IBA	external side of plasma membrane	21873635	NA
28396	GO:0009897	IBA	external side of plasma membrane	21873635	NA
28397	GO:0009897	IBA	external side of plasma membrane	21873635	NA
28400	GO:0009897	IBA	external side of plasma membrane	21873635	NA
28401	GO:0009897	IBA	external side of plasma membrane	21873635	NA
28408	GO:0009897	IBA	external side of plasma membrane	21873635	NA
28409	GO:0009897	IBA	external side of plasma membrane	21873635	NA
28410	GO:0009897	IBA	external side of plasma membrane	21873635	NA
28412	GO:0009897	IBA	external side of plasma membrane	21873635	NA
28414	GO:0009897	IBA	external side of plasma membrane	21873635	NA
28420	GO:0009897	IBA	external side of plasma membrane	21873635	NA
28423	GO:0009897	IBA	external side of plasma membrane	21873635	NA
28424	GO:0009897	IBA	external side of plasma membrane	21873635	NA
28426	GO:0009897	IBA	external side of plasma membrane	21873635	NA
28434	GO:0009897	IBA	external side of plasma membrane	21873635	NA
28439	GO:0009897	IBA	external side of plasma membrane	21873635	NA
28442	GO:0009897	IBA	external side of plasma membrane	21873635	NA
28444	GO:0009897	IBA	external side of plasma membrane	21873635	NA
28445	GO:0009897	IBA	external side of plasma membrane	21873635	NA
28448	GO:0009897	IBA	external side of plasma membrane	21873635	NA
28449	GO:0009897	IBA	external side of plasma membrane	21873635	NA
28450	GO:0009897	IBA	external side of plasma membrane	21873635	NA
28451	GO:0009897	IBA	external side of plasma membrane	21873635	NA
28452	GO:0009897	IBA	external side of plasma membrane	21873635	NA
28454	GO:0009897	IBA	external side of plasma membrane	21873635	NA
28455	GO:0009897	IBA	external side of plasma membrane	21873635	NA
28457	GO:0009897	IBA	external side of plasma membrane	21873635	NA
28458	GO:0009897	IBA	external side of plasma membrane	21873635	NA
28461	GO:0009897	IBA	external side of plasma membrane	21873635	NA
28464	GO:0009897	IBA	external side of plasma membrane	21873635	NA
28466	GO:0009897	IBA	external side of plasma membrane	21873635	NA
28467	GO:0009897	IBA	external side of plasma membrane	21873635	NA
28468	GO:0009897	IBA	external side of plasma membrane	21873635	NA
28472	GO:0009897	IBA	external side of plasma membrane	21873635	NA
28473	GO:0009897	IBA	external side of plasma membrane	21873635	NA
28513	GO:0009986	IBA	cell surface	21873635	ENSG00000071991
28526	GO:0009897	IBA	external side of plasma membrane	21873635	NA
28638	GO:0009897	IBA	external side of plasma membrane	21873635	NA
28639	GO:0009897	IBA	external side of plasma membrane	21873635	NA
28834	GO:0009897	IBA	external side of plasma membrane	21873635	NA
29121	GO:0009986	IDA	cell surface	20843815	ENSG00000069493
29126	GO:0009897	IBA	external side of plasma membrane	21873635	ENSG00000120217
29126	GO:0009986	IBA	cell surface	21873635	ENSG00000120217
29851	GO:0009897	IEA	external side of plasma membrane	-	ENSG00000163600
29923	GO:0009986	IDA	cell surface	15930302	ENSG00000135245
30835	GO:0009897	IDA	external side of plasma membrane	24942581	ENSG00000090659
30835	GO:0009986	HDA	cell surface	23981064	ENSG00000090659
50506	GO:0009986	IGI	cell surface	22814254	ENSG00000140279
50833	GO:0009897	IDA	external side of plasma membrane	16720576	ENSG00000128519
51162	GO:0009986	IBA	cell surface	21873635	ENSG00000172889
51206	GO:0009986	HDA	cell surface	23382103	ENSG00000088053
51311	GO:0009897	IDA	external side of plasma membrane	24942581	ENSG00000101916
51330	GO:0009986	IEA	cell surface	-	ENSG00000006327
51393	GO:0009986	IEA	cell surface	-	ENSG00000187688
51554	GO:0009897	IBA	external side of plasma membrane	21873635	ENSG00000129048
51704	GO:0009986	ISS	cell surface	-	ENSG00000167191
51744	GO:0009897	IDA	external side of plasma membrane	17213291	ENSG00000122223
51754	GO:0009986	IDA	cell surface	15498789	ENSG00000137103
53340	GO:0009897	IEA	external side of plasma membrane	-	ENSG00000064199
53905	GO:0009986	IGI	cell surface	22814254	ENSG00000137857
54084	GO:0009986	ISS	cell surface	-	ENSG00000175894
54361	GO:0009986	ISS	cell surface	-	ENSG00000162552
54413	GO:0009986	IBA	cell surface	21873635	ENSG00000196338
54413	GO:0009986	IDA	cell surface	15150161|17292328	ENSG00000196338
54495	GO:0009986	IBA	cell surface	21873635	ENSG00000166479
54495	GO:0009986	IDA	cell surface	19995400	ENSG00000166479
54542	GO:0009986	IDA	cell surface	10938276	ENSG00000056586
54587	GO:0009986	ISS	cell surface	14603461	ENSG00000162576
54718	GO:0009897	IBA	external side of plasma membrane	21873635	NA
54905	GO:0009986	IDA	cell surface	20805301	ENSG00000073067
55068	GO:0009897	IEA	external side of plasma membrane	-	ENSG00000120658
55248	GO:0009986	HDA	cell surface	19581412	ENSG00000065600
55540	GO:0009986	IEA	cell surface	-	ENSG00000056736
55576	GO:0009897	ISS	external side of plasma membrane	-	ENSG00000136011
55867	GO:0009897	IDA	external side of plasma membrane	15102942	ENSG00000168065
55959	GO:0009986	IBA	cell surface	21873635	ENSG00000196562
55959	GO:0009986	IDA	cell surface	12368295|18687675|19520866	ENSG00000196562
55966	GO:0009986	IDA	cell surface	14595118	ENSG00000196581
55997	GO:0009986	IBA	cell surface	21873635	ENSG00000136698
56034	GO:0009986	IDA	cell surface	10806482	ENSG00000145431
56244	GO:0009897	IBA	external side of plasma membrane	21873635	ENSG00000204290
56262	GO:0009986	IDA	cell surface	14660746	ENSG00000136802
56650	GO:0009986	HDA	cell surface	19581412	ENSG00000080822
56833	GO:0009986	NAS	cell surface	11313408	ENSG00000158714
56999	GO:0009986	IEA	cell surface	-	ENSG00000163638
57007	GO:0009897	IBA	external side of plasma membrane	21873635	ENSG00000144476
57007	GO:0009986	IDA	cell surface	22457824	ENSG00000144476
57119	GO:0009986	IDA	cell surface	17567961	ENSG00000101448
57124	GO:0009897	IBA	external side of plasma membrane	21873635	ENSG00000174807
57136	GO:0009986	IDA	cell surface	18513186	ENSG00000101474
57151	GO:0009986	IEA	cell surface	-	ENSG00000275722
57289	GO:0009897	IBA	external side of plasma membrane	21873635	NA
57290	GO:0009897	IBA	external side of plasma membrane	21873635	NA
57453	GO:0009986	IDA	cell surface	11453658	ENSG00000177103
57493	GO:0009897	IEA	external side of plasma membrane	-	ENSG00000173706
57497	GO:0009986	IBA	cell surface	21873635	ENSG00000156564
57502	GO:0009986	IBA	cell surface	21873635	ENSG00000146938
57502	GO:0009986	IDA	cell surface	15150161|17292328|19726642	ENSG00000146938
57555	GO:0009986	IBA	cell surface	21873635	ENSG00000169992
57555	GO:0009986	ISS	cell surface	-	ENSG00000169992
57611	GO:0009986	IBA	cell surface	21873635	ENSG00000167178
57611	GO:0009986	ISS	cell surface	-	ENSG00000167178
57622	GO:0009986	IBA	cell surface	21873635	ENSG00000128011
57758	GO:0009986	IBA	cell surface	21873635	ENSG00000175356
57864	GO:0009986	IEA	cell surface	-	ENSG00000119457
58494	GO:0009986	IDA	cell surface	19740376	ENSG00000154721
58496	GO:0009897	IBA	external side of plasma membrane	21873635	ENSG00000240053
58496	GO:0009897	IDA	external side of plasma membrane	17008713	ENSG00000240053
58530	GO:0009897	IDA	external side of plasma membrane	17008713	ENSG00000244355
59272	GO:0009986	IDA	cell surface	18343844|24227843	ENSG00000130234
59341	GO:0009986	IEA	cell surface	-	ENSG00000111199
60437	GO:0009986	IBA	cell surface	21873635	ENSG00000124215
63923	GO:0009986	IEA	cell surface	-	ENSG00000120332
64072	GO:0009986	IBA	cell surface	21873635	ENSG00000107736
64084	GO:0009986	IBA	cell surface	21873635	ENSG00000158258
64096	GO:0009897	IBA	external side of plasma membrane	21873635	ENSG00000125861
64100	GO:0009986	IBA	cell surface	21873635	ENSG00000169393
64109	GO:0009897	IBA	external side of plasma membrane	21873635	ENSG00000205755
64127	GO:0009986	IDA	cell surface	16714539	ENSG00000167207
64399	GO:0009986	IEA	cell surface	-	ENSG00000164161
64403	GO:0009986	IBA	cell surface	21873635	ENSG00000139880
64446	GO:0009897	IEA	external side of plasma membrane	-	ENSG00000171595
64581	GO:0009986	IDA	cell surface	24721111|25251945	ENSG00000172243
64805	GO:0009897	IEA	external side of plasma membrane	-	ENSG00000169313
64805	GO:0009986	HDA	cell surface	23382103	ENSG00000169313
65078	GO:0009986	IDA	cell surface	16712417|18411262|20463223	ENSG00000040608
65078	GO:0031362	IMP	anchored component of external side of plasma membrane	16712417	ENSG00000040608
78999	GO:0009986	IBA	cell surface	21873635	ENSG00000173621
79054	GO:0009897	IEA	external side of plasma membrane	-	ENSG00000144481
79368	GO:0009986	IDA	cell surface	16849395	ENSG00000132704
79414	GO:0009986	IBA	cell surface	21873635	ENSG00000126243
79465	GO:0009897	IBA	external side of plasma membrane	21873635	ENSG00000131019
79679	GO:0009897	IBA	external side of plasma membrane	21873635	ENSG00000134258
79679	GO:0009897	IDA	external side of plasma membrane	16606666	ENSG00000134258
79827	GO:0009986	HDA	cell surface	19581412	ENSG00000166250
79865	GO:0009986	IBA	cell surface	21873635	ENSG00000112195
79865	GO:0009986	IDA	cell surface	18650384	ENSG00000112195
79908	GO:0009897	IBA	external side of plasma membrane	21873635	ENSG00000113303
80274	GO:0009897	IDA	external side of plasma membrane	12270931	ENSG00000159307
80274	GO:0009986	IBA	cell surface	21873635	ENSG00000159307
80274	GO:0009986	IDA	cell surface	12270931	ENSG00000159307
80328	GO:0009897	IBA	external side of plasma membrane	21873635	ENSG00000131015
80328	GO:0009986	IDA	cell surface	18676862	ENSG00000131015
80329	GO:0009897	IBA	external side of plasma membrane	21873635	ENSG00000111981
80380	GO:0009897	IBA	external side of plasma membrane	21873635	ENSG00000197646
80380	GO:0009986	IBA	cell surface	21873635	ENSG00000197646
80381	GO:0009897	IBA	external side of plasma membrane	21873635	ENSG00000103855
80381	GO:0009897	NAS	external side of plasma membrane	15188059	ENSG00000103855
80740	GO:0009897	IBA	external side of plasma membrane	21873635	ENSG00000204421
80740	GO:0009897	IDA	external side of plasma membrane	17008713	ENSG00000204421
80741	GO:0009897	IDA	external side of plasma membrane	17008713	ENSG00000204428
80864	GO:0009986	IBA	cell surface	21873635	ENSG00000241404
81029	GO:0009986	IEA	cell surface	-	ENSG00000111186
81501	GO:0009986	IBA	cell surface	21873635	ENSG00000164935
81501	GO:0009986	IDA	cell surface	11169400	ENSG00000164935
81502	GO:0009986	ISS	cell surface	-	ENSG00000101294
81619	GO:0009986	IEA	cell surface	-	ENSG00000108219
83416	GO:0009986	IDA	cell surface	16849395	ENSG00000143297
83417	GO:0009986	IDA	cell surface	16849395	ENSG00000163518
83483	GO:0009986	IDA	cell surface	15155804|19420356	ENSG00000130300
83546	GO:0031362	IBA	anchored component of external side of plasma membrane	21873635	ENSG00000132026
83692	GO:0009986	IEA	cell surface	-	ENSG00000102181
83986	GO:0009986	HDA	cell surface	19581412	ENSG00000167930
83986	GO:0009986	IBA	cell surface	21873635	ENSG00000167930
83986	GO:0009986	IDA	cell surface	19349973	ENSG00000167930
84059	GO:0009986	IDA	cell surface	10976914	ENSG00000164199
84168	GO:0009897	IDA	external side of plasma membrane	21129411	ENSG00000169604
84168	GO:0009986	HDA	cell surface	19581412	ENSG00000169604
84168	GO:0009986	IBA	cell surface	21873635	ENSG00000169604
84168	GO:0009986	IDA	cell surface	21129411	ENSG00000169604
84189	GO:0009986	IDA	cell surface	23543054	ENSG00000184564
84634	GO:0009986	IEA	cell surface	-	ENSG00000116014
84818	GO:0009986	IEA	cell surface	-	ENSG00000163702
84830	GO:0009986	IDA	cell surface	21868574	ENSG00000111863
84868	GO:0009986	IDA	cell surface	25363763	ENSG00000135077
84966	GO:0031362	ISS	anchored component of external side of plasma membrane	-	ENSG00000117154
89766	GO:0009897	IEA	external side of plasma membrane	-	ENSG00000177398
89770	GO:0009897	IBA	external side of plasma membrane	21873635	NA
89780	GO:0009986	ISS	cell surface	-	ENSG00000154342
93974	GO:0009986	IDA	cell surface	15528193	ENSG00000130770
113235	GO:0009986	HDA	cell surface	19581412	ENSG00000076351
114132	GO:0009986	IDA	cell surface	28100677	ENSG00000161640
114625	GO:0009897	IBA	external side of plasma membrane	21873635	ENSG00000164010
114908	GO:0009897	IDA	external side of plasma membrane	9600958	ENSG00000152558
114990	GO:0009986	IDA	cell surface	15247411	ENSG00000168140
115019	GO:0009986	IDA	cell surface	17673510|20658517|22544634	ENSG00000174502
115350	GO:0009986	IDA	cell surface	16849395	ENSG00000163534
115352	GO:0009986	IDA	cell surface	16849395	ENSG00000160856
115650	GO:0009897	IBA	external side of plasma membrane	21873635	ENSG00000159958
117531	GO:0009897	IEA	external side of plasma membrane	-	ENSG00000165091
118429	GO:0009897	IEA	external side of plasma membrane	-	ENSG00000163297
118429	GO:0009986	IBA	cell surface	21873635	ENSG00000163297
121506	GO:0009986	IBA	cell surface	21873635	ENSG00000139055
125111	GO:0009986	IDA	cell surface	12154091	ENSG00000183153
131450	GO:0009897	IBA	external side of plasma membrane	21873635	ENSG00000163606
131450	GO:0009986	IDA	cell surface	19151626	ENSG00000163606
131450	GO:0009986	ISS	cell surface	-	ENSG00000163606
131566	GO:0009986	IDA	cell surface	11447234	ENSG00000057019
132112	GO:0009986	IBA	cell surface	21873635	ENSG00000175077
132112	GO:0009986	IDA	cell surface	15550249	ENSG00000175077
133396	GO:0009897	IBA	external side of plasma membrane	21873635	ENSG00000164509
135228	GO:0009986	HDA	cell surface	19581412	ENSG00000156535
135250	GO:0009897	IBA	external side of plasma membrane	21873635	ENSG00000164520
135250	GO:0009897	IBA	external side of plasma membrane	21873635	ENSG00000285991
136853	GO:0009897	IBA	external side of plasma membrane	21873635	ENSG00000146700
137970	GO:0009986	IEA	cell surface	-	ENSG00000156687
140453	GO:0009897	IDA	external side of plasma membrane	12888891	ENSG00000169876
140885	GO:0009986	IDA	cell surface	11509594	ENSG00000198053
140885	GO:0009986	ISS	cell surface	-	ENSG00000198053
140885	GO:0009986	TAS	cell surface	25795378	ENSG00000198053
143903	GO:0009986	ISS	cell surface	-	ENSG00000204381
145581	GO:0009986	IBA	cell surface	21873635	ENSG00000165379
146183	GO:0009986	IBA	cell surface	21873635	ENSG00000155719
146760	GO:0009897	IEA	external side of plasma membrane	-	ENSG00000185924
146760	GO:0009986	IDA	cell surface	20463223	ENSG00000185924
148738	GO:0009986	IEA	cell surface	-	ENSG00000168509
149233	GO:0009897	IBA	external side of plasma membrane	21873635	ENSG00000162594
150084	GO:0009986	IBA	cell surface	21873635	ENSG00000183067
150696	GO:0009986	IBA	cell surface	21873635	ENSG00000155066
150696	GO:0009986	ISS	cell surface	12514187	ENSG00000155066
153579	GO:0009897	IBA	external side of plasma membrane	21873635	ENSG00000165810
154064	GO:0009897	IBA	external side of plasma membrane	21873635	ENSG00000155918
154796	GO:0009897	IDA	external side of plasma membrane	11257124	ENSG00000126016
161198	GO:0009897	IBA	external side of plasma membrane	21873635	ENSG00000176435
161198	GO:0009897	IDA	external side of plasma membrane	25745997	ENSG00000176435
161497	GO:0009986	IBA	cell surface	21873635	ENSG00000242866
166647	GO:0009897	IEA	external side of plasma membrane	-	ENSG00000152990
170689	GO:0009986	IEA	cell surface	-	ENSG00000166106
195977	GO:0009986	IBA	cell surface	21873635	ENSG00000274209
196527	GO:0009986	HDA	cell surface	19581412	ENSG00000177119
201633	GO:0009986	IBA	cell surface	21873635	ENSG00000181847
201633	GO:0009986	IDA	cell surface	19011627	ENSG00000181847
221395	GO:0009986	IDA	cell surface	23684610	ENSG00000069122
221806	GO:0009986	IBA	cell surface	21873635	ENSG00000146530
221914	GO:0009986	IBA	cell surface	21873635	ENSG00000213420
222256	GO:0009986	IBA	cell surface	21873635	ENSG00000128536
222545	GO:0009986	IEA	cell surface	-	ENSG00000173612
222663	GO:0009986	IBA	cell surface	21873635	ENSG00000146197
222663	GO:0009986	IDA	cell surface	15234972	ENSG00000146197
255738	GO:0009986	IDA	cell surface	17461796	ENSG00000169174
255738	GO:0031232	IC	extrinsic component of external side of plasma membrane	17328821	ENSG00000169174
259249	GO:0009986	IC	cell surface	20004959	ENSG00000170255
282679	GO:0009986	IDA	cell surface	16650285	ENSG00000178301
283316	GO:0009897	IBA	external side of plasma membrane	21873635	ENSG00000177675
283420	GO:0009986	IBA	cell surface	21873635	ENSG00000197992
283420	GO:0009986	IDA	cell surface	18408006	ENSG00000197992
284114	GO:0009986	IDA	cell surface	17828305	ENSG00000181284
285852	GO:0009986	IBA	cell surface	21873635	ENSG00000188056
286133	GO:0009986	IEA	cell surface	-	ENSG00000168079
338328	GO:0009897	IDA	external side of plasma membrane	20124439	ENSG00000277494
338328	GO:0031362	IDA	anchored component of external side of plasma membrane	17997385	ENSG00000277494
340205	GO:0009986	IEA	cell surface	-	ENSG00000161911
340348	GO:0009986	IEA	cell surface	-	ENSG00000158457
340419	GO:0009986	IEA	cell surface	-	ENSG00000147655
342035	GO:0009986	IDA	cell surface	27616481	ENSG00000186417
342372	GO:0009986	ISS	cell surface	-	ENSG00000277481
343413	GO:0009897	IDA	external side of plasma membrane	17213291	ENSG00000181036
344807	GO:0009897	IBA	external side of plasma membrane	21873635	ENSG00000206531
344892	GO:0009986	IBA	cell surface	21873635	ENSG00000198471
344892	GO:0009986	IDA	cell surface	15550249	ENSG00000198471
347730	GO:0009986	IDA	cell surface	17667961	ENSG00000162951
349633	GO:0009897	IBA	external side of plasma membrane	21873635	ENSG00000188771
349667	GO:0009897	IEA	external side of plasma membrane	-	ENSG00000186907
349667	GO:0009986	IBA	cell surface	21873635	ENSG00000186907
349667	GO:0009986	IDA	cell surface	20463223	ENSG00000186907
353091	GO:0009897	IBA	external side of plasma membrane	21873635	ENSG00000203722
353514	GO:0009986	IDA	cell surface	19009525	ENSG00000187116
375387	GO:0009986	IDA	cell surface	29909984	ENSG00000174004
387837	GO:0009897	IBA	external side of plasma membrane	21873635	ENSG00000256660
387837	GO:0009897	IMP	external side of plasma membrane	17562706	ENSG00000256660
388077	GO:0009897	IBA	external side of plasma membrane	21873635	NA
388512	GO:0009986	IDA	cell surface	19419970	ENSG00000187912
388588	GO:0009986	IDA	cell surface	23505126	ENSG00000235169
388588	GO:0009986	IMP	cell surface	23563606|26452714	ENSG00000235169
389400	GO:0009897	IBA	external side of plasma membrane	21873635	ENSG00000187871
389400	GO:0009897	IDA	external side of plasma membrane	28953886	ENSG00000187871
390243	GO:0031362	IBA	anchored component of external side of plasma membrane	21873635	ENSG00000183560
391634	GO:0009986	IBA	cell surface	21873635	NA
399687	GO:0009986	IEA	cell surface	-	ENSG00000196535
401827	GO:0009986	IBA	cell surface	21873635	NA
554225	GO:0009986	IBA	cell surface	21873635	NA
619207	GO:0009897	IBA	external side of plasma membrane	21873635	NA
653275	GO:0009986	IBA	cell surface	21873635	ENSG00000152093
664618	GO:0009986	IBA	cell surface	21873635	NA
729230	GO:0009897	IBA	external side of plasma membrane	21873635	ENSG00000121807
100129094	GO:0009897	IBA	external side of plasma membrane	21873635	NA
100131137	GO:0009986	IBA	cell surface	21873635	ENSG00000188334
100133941	GO:0009986	IDA	cell surface	16532032	ENSG00000272398
100133941	GO:0031362	IBA	anchored component of external side of plasma membrane	21873635	ENSG00000272398
100423062	GO:0009897	IBA	external side of plasma membrane	21873635	ENSG00000254709
100507436	GO:0009897	IBA	external side of plasma membrane	21873635	ENSG00000204520
100507436	GO:0009986	IDA	cell surface	8901601|18676862	ENSG00000204520
100528032	GO:0009897	IBA	external side of plasma membrane	21873635	NA
100528032	GO:0009986	IBA	cell surface	21873635	NA
100528032	GO:0009986	IDA	cell surface	10426994|15294961	NA
102723168	GO:0009897	IBA	external side of plasma membrane	21873635	NA
102723169	GO:0009897	IBA	external side of plasma membrane	21873635	NA
102723170	GO:0009897	IBA	external side of plasma membrane	21873635	NA
103106901	GO:0009897	IBA	external side of plasma membrane	21873635	NA
